username,environment_rating,"('is_video', 'mean')","('is_sponsored', 'mean')","('caption_num_words', 'mean')","('caption_unique_words', 'mean')","('mention_counts', 'mean')","('hashtag_counts', 'mean')","('emoji_counts', 'mean')",LN_total_green,LN_EMPLOYEES,LN_REVENUES,LN_PROFIT,"LN('likes', 'sum')","LN('likes', 'mean')","LN('comments', 'sum')","LN('comments', 'mean')",LN_total_green_mentions,LN_total_green_hashtags,LN_total_green_caption,LN_total_green_caption,"('likely_automated', 'mean')"
adobe,72.0,0.29,0.0,42.51,35.26,1.7,0.47,0.8181818181818182,3.2188758248682006,9.661861751843032,8.675051276031818,7.064588073008926,13.899288128500185,8.601153752730015,9.49363784611014,4.210199814972569,1.6094379124341003,1.0986122886681098,2.9444389791664403,2.9444389791664403,0.05
adp,73.0,0.07142857142857142,0.0,57.42857142857143,46.78571428571429,0.35714285714285715,6.357142857142858,0.8571428571428571,3.1354942159291497,10.950824090522445,9.364691031806107,7.308877637656164,9.715530144123544,5.693491609637379,5.802118375377063,1.9304856787296816,0.0,1.6094379124341003,2.9444389791664403,2.9444389791664403,0.0
advanceautoparts,51.0,0.23,0.0,21.39,20.17,1.04,3.12,0.9090909090909092,0.0,10.959557617938563,9.166283985779263,6.132529987386585,10.862205390050178,5.567695438201781,7.554334823725748,2.355177543113216,0.0,0.0,0.0,0.0,0.04
aetna,65.0,0.55,0.0,38.91,34.51,0.2,2.02,0.08,2.5649493574615367,10.809748150372926,11.05336313514178,7.7284157798410416,9.58293787645873,4.298237333944173,7.569927655242652,2.3693087250369538,0.0,0.0,2.5649493574615367,2.5649493574615367,0.26
agcocorp,60.0,0.04,0.0,42.11,36.69,0.4,4.46,1.16,3.8066624897703196,9.893235176071776,8.91085558740525,5.082025290182929,13.620202237015965,8.322126762673918,7.284134806195205,2.1138429683971687,0.0,2.1972245773362196,3.6109179126442243,3.6109179126442243,0.54
albertsons,39.0,0.13,0.0,20.37,19.14,0.23,0.14,0.58,3.044522437723423,12.520887034998584,10.980791080257987,,10.0176640925984,4.728183961883236,6.794586580876499,1.6974487897568136,0.0,1.9459101490553132,2.70805020110221,2.70805020110221,0.03
allstate,68.0,0.59,0.0,23.94,21.66,0.41,0.6,0.14,2.5649493574615367,10.675353487807463,10.506025984225317,7.537962659768208,10.469170611586833,5.176488658182903,8.69901462316851,3.4333418349887226,1.0986122886681098,0.0,2.3978952727983707,2.3978952727983707,0.46
amazon,57.0,0.48,0.0,33.22,29.22,0.46,0.47,1.1010101010101008,3.713572066704308,12.740813018453595,11.82032192553111,7.771488760117616,14.25619286301832,8.958003564100466,11.785780660522578,6.488976941811847,0.0,1.6094379124341003,3.6109179126442243,3.6109179126442243,0.02
americanair,57.0,0.5581395348837209,0.0,27.13953488372093,24.58139534883721,0.18604651162790692,0.7674418604651163,0.16279069767441862,2.70805020110221,11.714240498256716,10.601149526063207,7.892452043520352,12.785073606693171,8.330964476728491,10.150933396373302,5.699898974629804,0.0,1.6094379124341003,2.3978952727983707,2.3978952727983707,0.02325581395348837
americanexpress,71.0,0.5,0.0,65.34,53.76,1.25,1.15,0.01,3.6109179126442243,10.94024216782542,10.428925888669964,8.595819511871428,11.923411281535257,6.626413067076536,8.630343289348893,3.3669509429335642,2.1972245773362196,0.0,3.367295829986474,3.367295829986474,0.36
amgenbiotech,68.0,0.43,0.0,63.88,52.38,0.6,3.06,0.4545454545454545,3.4965075614664802,9.862717639992917,10.042901608318806,8.951958168569265,10.530575055586564,5.237558360702472,6.440946540632921,1.4182774069729414,0.0,0.0,3.4965075614664802,3.4965075614664802,0.01
apple,76.0,0.18,0.0,54.9,45.55,1.6,1.65,0.01,3.044522437723423,11.661354090741,12.281365629565604,10.7295909603447,17.943214796740914,12.644900638036626,13.120623865330085,7.822705112253451,1.6094379124341003,0.0,2.833213344056216,2.833213344056216,0.06
att,72.0,0.6,0.0,41.61,36.9,0.49,1.83,1.31,2.70805020110221,12.50075888145979,12.006322082172167,9.470933838737231,11.451528670104905,6.155325076258353,9.000976444070345,3.7268975213014572,1.0986122886681098,0.0,2.5649493574615367,2.5649493574615367,0.38
autozone,56.0,0.31,0.0,24.08,22.29,0.44,1.19,0.26,1.9459101490553132,11.109173887928804,9.272093768251665,7.124478262493424,10.978677671259746,5.683749820905965,8.144098463338524,2.9019708937395166,0.0,0.0,1.9459101490553132,1.9459101490553132,0.75
avnet,67.0,0.24,0.0,38.08,33.76,0.46,2.39,0.0,2.9444389791664403,9.781376414141157,10.174277757317691,6.229496710915942,9.954988325398531,4.666077120891613,5.796057750765372,0.9707789171582247,0.0,1.6094379124341003,2.70805020110221,2.70805020110221,0.0
bakerhughesco,63.0,0.13,0.0,30.43,27.4,0.15,1.85,0.13,3.4965075614664802,10.404293143019792,9.194414221425923,,10.39050192519858,5.098279803948302,6.450470422144176,1.425515074273172,1.6094379124341003,1.0986122886681098,3.295836866004329,3.295836866004329,0.01
bankofamerica,73.0,0.44,0.0,38.65,34.22,0.6,1.21,0.69,4.110873864173311,12.245413543768631,11.447458512974078,9.79294697683676,11.745884684605668,6.44914252666308,9.656499466411903,4.370839289033305,1.6094379124341003,1.6094379124341003,3.970291913552122,3.970291913552122,0.15
bedbathandbeyond,60.0,0.19,0.0,39.3,36.41,0.52,6.7,0.57,5.4510384535657,11.034905792929415,9.40137386937216,6.736373662226517,12.788665289272465,7.4909034247911395,8.801619971147346,3.5328102684640474,1.6094379124341003,4.634728988229636,4.844187086458591,4.844187086458591,0.13
bestbuy,72.0,0.71,0.0,20.58,19.12,0.13,0.77,0.01,1.9459101490553132,11.736077016252437,10.58162261297557,7.113956109566034,11.808568266567315,6.5117304706933234,9.99720555640988,4.707907263439203,0.0,0.0,1.9459101490553132,1.9459101490553132,0.13
biglots,49.0,0.04,0.0,36.04,33.35,0.63,5.62,3.76,5.771441123130016,10.049793255125712,8.556606193773073,5.035653057071544,13.369200017561193,8.071193547467612,9.557257866458935,4.272909070138343,1.9459101490553132,4.948759890378168,5.1647859739235145,5.1647859739235145,0.03
boeing,69.0,0.08163265306122447,0.0,44.06122448979593,37.979591836734684,0.9183673469387756,1.6326530612244898,0.040816326530612235,3.295836866004329,11.921990751319218,11.45711672814165,8.496173824192162,15.37011565613656,10.785168670717423,10.494629692640487,5.912344033130716,0.0,1.9459101490553132,3.044522437723423,3.044522437723423,0.040816326530612235
bristolmyerssquibb,69.0,0.29,0.0,38.26,33.67,0.17,1.95,0.07,2.5649493574615367,10.12667110305036,9.874470603465635,8.402455513945814,10.682697743861915,5.3889347341316505,6.683360945766275,1.6074359097634274,0.0,1.0986122886681098,2.3978952727983707,2.3978952727983707,0.05
burlingtondeals,52.0,0.19,0.0,31.57,27.96,0.37,0.33,0.41,2.5649493574615367,10.596659732783579,8.629092283913646,5.379436417832829,12.916197388213464,7.618369027040714,9.89176915958193,4.603468739348334,1.6094379124341003,0.0,2.1972245773362196,2.1972245773362196,0.17
campbellsoupco,66.0,0.25,0.0,41.74,36.16,0.14,3.62,0.24,4.110873864173311,9.711176264112805,8.982435503560263,6.335054251498059,9.660205067381032,4.37449836825309,5.771441123130016,0.9555114450274363,1.6094379124341003,3.044522437723423,3.6109179126442243,3.6109179126442243,0.03
capitalone,73.0,0.68,0.0,21.19,19.92,0.47,0.75,0.41,2.1972245773362196,10.764286715905591,10.22266829204728,8.230044310126114,11.03063870601066,5.735539506269393,9.756320761816548,4.469465003822716,0.0,0.0,2.1972245773362196,2.1972245773362196,0.27
carmax,52.0,0.3484848484848485,0.0,24.318181818181817,22.318181818181817,0.2575757575757576,2.0,0.030303030303030307,2.3978952727983707,10.018154627514255,9.669914805731379,6.436791188641277,10.109729065774982,5.232242312012047,7.554334823725748,2.7379031642518914,0.0,0.0,2.3978952727983707,2.3978952727983707,0.030303030303030307
caterpillarinc,66.0,0.3,0.0,59.87,49.72,0.46,1.88,0.24,3.2188758248682006,11.465844339561734,10.559400046485848,,13.955297717412783,8.657153375009873,9.014690384970896,3.740285242173836,0.0,0.0,3.2188758248682006,3.2188758248682006,0.1
centurylink,61.0,0.43,0.0,24.75,22.74,0.29,2.02,0.2,3.1354942159291497,10.596659732783579,9.768297642474444,6.440946540632921,9.40894529884324,4.126811752359602,8.03947991910045,2.803360380906535,0.0,1.6094379124341003,2.9444389791664403,2.9444389791664403,0.05
charlesschwab,61.0,0.3146067415730337,0.0,41.66292134831461,35.61797752808989,0.34831460674157305,4.202247191011236,0.10112359550561796,2.3978952727983707,9.692828247710418,8.941807118363164,7.5443321080536885,10.076474005852402,4.902107053215367,7.115582126184454,2.0681419864259025,0.0,0.0,2.3978952727983707,2.3978952727983707,0.0898876404494382
chevron,49.0,0.39,0.0,30.56,27.17,0.11,0.63,0.13,4.174387269895637,10.918736348043124,11.585878484708818,,12.184087738793398,6.8867869725459405,8.674025985443025,3.4091655513113324,0.0,0.0,4.174387269895637,4.174387269895637,0.25
cignatogether,70.0,0.77,0.0,40.44,35.91,0.3,1.61,0.0,3.8066624897703196,10.62135173563291,10.588325305224933,7.532623618788788,9.239025005836092,3.9598603348423063,6.159095388491933,1.2119409739751128,2.9444389791664403,0.0,3.295836866004329,3.295836866004329,0.3
cisco,74.0,0.56,0.0,34.29,30.71,0.68,1.61,0.79,2.1972245773362196,11.207771646606407,10.804624036638605,9.281730368062856,12.591916509891169,7.294275391922529,8.66406026722579,3.3995293245614584,1.0986122886681098,0.0,1.9459101490553132,1.9459101490553132,0.01
clorox,72.0,0.63,0.17,27.52,25.33,0.39,1.68,1.09,5.262690188904886,8.987321812850125,8.659039915644474,6.47543271670409,11.339845076742208,6.043890949286358,9.673508190212637,4.387635873438392,0.0,4.174387269895637,4.859812404361672,4.859812404361672,0.01
cocacola,70.0,0.14,0.0,16.32,15.29,0.24,1.04,0.49,1.0986122886681098,11.515930943990057,10.642181548052044,8.783855896643942,14.618616914118297,9.320388682733043,10.959140146764103,5.6642790548785005,0.0,0.0,1.0986122886681098,1.0986122886681098,0.2
colgatepalmoliveco,72.0,0.57,0.0,37.22,34.23,0.58,2.98,0.03,5.342334251964811,10.510559281627845,9.628787514307517,7.80057265467065,10.610118418254732,5.316697413829466,6.07073772800249,1.1505720275988207,0.0,4.574710978503383,4.727387818712341,4.727387818712341,0.04
conagrafoodservice,64.0,0.06,0.0,39.27,36.2,0.15,7.45,0.24,2.9444389791664403,9.94755228369823,9.556409270127691,,8.470730317005897,3.213260086082565,5.117993812416755,0.6043159668533296,0.0,1.6094379124341003,2.70805020110221,2.70805020110221,0.09
conocophillips,59.0,0.13,0.0,69.44,57.29,0.48,6.04,0.06,4.890349128221754,9.495594499353297,10.100738771884387,,10.883522740361526,5.588932632977259,6.658011045870748,1.5871923034867808,0.0,2.833213344056216,4.762173934797756,4.762173934797756,0.04
costco,62.0,0.32,0.0,16.42,15.32,0.02,0.18,0.59,2.5649493574615367,12.055255569732177,11.684523058401208,7.762596048540069,13.15890550635185,7.860971784957962,10.536274138921273,5.243227400230077,0.0,0.0,2.5649493574615367,2.5649493574615367,0.02
cummins,71.0,0.22,0.0,59.68,49.55,0.83,3.23,0.4,4.465908118654584,10.922352923113982,9.770527425279898,7.240649694255466,13.01231410892701,7.71444094426822,8.391403185357937,3.1372318358276905,1.0986122886681098,2.1972245773362196,4.343805421853684,4.343805421853684,0.01
cvspharmacy,71.0,0.16,0.0,34.26,29.69,0.22,0.39,1.83,3.5553480614894135,12.225880174775122,12.086877989005703,8.578852571802965,11.537939976964939,6.241561567982449,9.09504174761272,3.8188106237059674,0.0,0.0,3.5553480614894135,3.5553480614894135,0.08
delta,52.0,0.02,0.0,72.73,53.45,0.56,0.44,0.15,3.4965075614664802,11.335675028284077,10.587593988443924,8.383433201236713,14.865347432354172,9.567099712353436,10.94973579833148,5.6549073068740645,0.0,0.0,3.4965075614664802,3.4965075614664802,0.38
dickssportinggoods,44.0,0.49,0.0,16.09,14.91,0.03,0.31,0.35,4.48863636973214,10.22379411156297,8.977525200965243,5.664348405410794,14.543504959580295,9.245283680834373,9.346356175893625,4.065258981327004,0.0,3.8066624897703196,3.8066624897703196,3.8066624897703196,0.48
dillards,50.0,0.0,0.0,8.67,8.4,0.04,0.09,0.89,1.0986122886681098,10.335302435967074,8.767017621311778,5.136974216139274,12.363063573744835,7.065596284032563,7.80994708647679,2.589266665112243,0.0,0.0,1.0986122886681098,1.0986122886681098,0.0
discovery,48.0,0.4074074074074074,0.0,33.314814814814824,30.037037037037038,0.9074074074074074,5.203703703703703,0.5555555555555556,2.70805020110221,8.853808274977197,8.779249716229046,7.085901464365611,15.874625532615477,11.192507955047823,10.493632545506374,5.814462151791627,0.0,1.0986122886681098,2.5649493574615367,2.5649493574615367,0.07407407407407407
dishnetwork,49.0,0.64,0.0,19.77,18.57,1.4,0.24,0.05,2.70805020110221,9.680406499268875,9.622185087048386,7.279939332521639,8.917176635955164,3.6451887654892032,8.108623268354595,2.8684669225081145,1.0986122886681098,0.0,2.5649493574615367,2.5649493574615367,0.04
disney,68.0,0.4,0.0,17.34,16.57,0.29,0.9,0.22,2.1972245773362196,12.180759965737863,10.926531829352124,9.147613542067878,17.0837725978997,11.785462807758057,11.689119956242203,6.392469724494053,0.0,0.0,2.1972245773362196,2.1972245773362196,0.62
dollargeneral,45.0,0.13,0.0,25.05,23.49,0.45,1.57,0.2,4.394449154672439,11.703554089007538,9.998252128980551,7.1325774206749015,11.342220177316014,6.0462604501935875,7.828436359157585,2.60638654732571,1.0986122886681098,2.9444389791664403,4.110873864173311,4.110873864173311,0.78
dollartree,48.0,0.04,0.0,33.7,31.4,0.24,4.1,0.01,5.081404364984463,11.6617850286409,9.938854696373419,6.799278802646053,13.732038727564085,8.433937661485416,9.281450999434135,4.001498011855749,0.0,4.204692619390966,4.553876891600541,4.553876891600541,0.02
drhorton,46.0,0.015625,0.0,33.109375,31.140625,0.0,9.734375,0.484375,4.709530201312334,8.850374303939237,9.405742668308667,6.788183143841292,11.050937623287538,6.2009211074420545,7.359467638255621,2.5851761029516753,0.0,4.04305126783455,4.007333185232471,4.007333185232471,0.6875
duke_energy,58.0,0.41,0.0,67.47,54.63,0.17,4.05,0.11,3.8918202981106265,10.268095943298984,10.059208427532903,7.674617497364363,10.936796583285576,5.642013448258569,7.558516743045645,2.3589654264301534,0.0,1.9459101490553132,3.7612001156935624,3.7612001156935624,0.05
ebay,69.0,0.32,0.0,34.93,32.32,0.67,3.45,1.57,3.5553480614894135,9.441531454869693,9.102755161296246,8.891098830616636,12.248255313913738,6.950891393859272,9.09549053029724,3.8192496052757914,1.6094379124341003,1.9459101490553132,3.2188758248682006,3.2188758248682006,0.06
esteelauder,75.0,0.31,0.0,48.21,41.96,0.5,3.22,2.35,4.204692619390966,10.736418414365376,9.329278296047697,7.017147655753334,14.142827440511669,8.84465351387643,9.434683203865875,4.152141660948318,0.0,4.07753744390572,2.1972245773362196,2.1972245773362196,0.64
expedia,42.0,0.0,0.0,107.0,87.0,0.0,1.0,2.0,0.0,9.907280350774824,9.079662048334066,5.644739934022418,7.774435510302958,7.081708586105575,3.295836866004329,2.6390573296152584,0.0,0.0,0.0,0.0,1.0
exxonmobil,47.0,0.11,0.0,15.08,14.16,0.06,0.29,0.11,3.295836866004329,11.194110418585193,12.230789648067011,8.967121656230923,14.52295060709533,9.224731323711545,10.035874540579453,4.746235626266694,0.0,0.0,3.295836866004329,3.295836866004329,0.01
facebook,65.0,0.33783783783783783,0.0,86.27027027027027,66.22972972972973,1.054054054054054,0.35135135135135137,0.28378378378378377,4.07753744390572,9.74384682996523,10.226983097777042,9.231906149890744,12.795577278324462,7.798772553932832,10.868892205688535,5.874475115383597,1.0986122886681098,0.0,4.04305126783455,4.04305126783455,0.25675675675675674
fedex,66.0,0.04,0.0,22.65,20.94,1.34,1.01,2.2,3.044522437723423,12.724175724266393,10.827071623237748,7.507141079727608,13.53115760450794,8.233104654474587,11.537452210146824,6.241074746237218,2.1972245773362196,0.0,2.5649493574615367,2.5649493574615367,0.47
fifththirdbank,65.0,0.21428571428571427,0.0,61.0952380952381,49.19047619047619,0.19047619047619047,0.8333333333333334,0.07142857142857142,1.0986122886681098,9.789478635924262,8.837826364007704,7.355641102974253,9.00146947994869,4.580828702220969,6.934397209928558,2.5812984954630664,0.0,0.0,1.0986122886681098,1.0986122886681098,0.3333333333333333
footlocker,47.0,0.1,0.0,16.73,16.03,0.78,1.1,0.76,2.1972245773362196,10.4032320062913,8.957639268419648,6.499787040655854,15.314709183980423,10.016436254944487,10.435614679722034,5.143124477142335,1.0986122886681098,0.0,1.9459101490553132,1.9459101490553132,0.46
ford,65.0,0.19540229885057472,0.0,30.62068965517241,27.71264367816092,0.3563218390804598,3.32183908045977,0.4482758620689655,2.5649493574615367,12.211065162153215,11.930325731537252,8.433159195806228,16.33605852571212,11.177017138287432,11.842754254110268,6.684942132848239,0.0,0.0,2.5649493574615367,2.5649493574615367,0.25287356321839083
freddiemaccorp,25.0,0.26,0.0,33.77,30.26,0.05,0.64,0.08,3.367295829986474,8.696677393390031,11.092336566716217,8.96392819372262,9.340929941679784,4.059925635351641,5.75890177387728,0.9477893989335261,0.0,1.0986122886681098,3.295836866004329,3.295836866004329,0.04
gamestop,57.0,0.16,0.0,12.56,11.98,0.03,0.08,0.0505050505050505,0.0,10.639478682087963,9.060563446657955,5.869861725348733,14.528790213375498,9.230570358921609,10.264896274447372,4.97348709846075,0.0,0.0,0.0,0.0,0.47
gap,70.0,0.21,0.0,35.73,30.66,0.69,0.27,0.23,3.044522437723423,11.813037464800539,9.649691476083484,6.517671272912275,13.504209063513704,8.206163335019871,9.10219821335648,3.8258113086090804,0.0,0.0,3.044522437723423,3.044522437723423,0.03
generalelectric,66.0,0.31868131868131866,0.0,60.05494505494506,51.03296703296704,0.7362637362637363,2.835164835164836,0.14285714285714285,3.5553480614894135,12.59473402514672,11.74927740025051,9.086136768516877,13.292543187279275,8.088841805345533,8.891649112650057,3.7122310446446836,0.0,1.9459101490553132,3.367295829986474,3.367295829986474,0.08791208791208792
genuineparts,53.0,0.0,0.0,11.548387096774194,10.806451612903226,0.0967741935483871,1.5483870967741935,0.967741935483871,1.6094379124341003,10.596659732783579,9.638284261844774,6.53407949336338,9.416947954650293,5.294762668993381,6.154858094016418,2.149509104296553,0.0,0.0,1.6094379124341003,1.6094379124341003,0.0
goldmansachs,66.0,0.2558139534883721,0.0,58.65116279069768,47.58139534883721,0.5348837209302325,2.0,0.09302325581395347,3.7612001156935624,10.445840912706414,10.537760141582941,8.90910013492555,11.325908903872053,6.872585883033304,6.725033642166843,2.3678500943669825,1.0986122886681098,2.1972245773362196,3.4965075614664802,3.4965075614664802,0.5581395348837209
goodyear,64.0,0.14,0.0,13.96,13.11,0.96,0.8,0.75,2.3978952727983707,11.097425172408931,9.626349693960018,7.142827401161621,13.780456273181484,8.482344984907677,10.779810091963949,5.485626464853031,1.0986122886681098,0.0,2.1972245773362196,2.1972245773362196,0.06
hanes,63.0,0.03,0.0,45.15,39.25,1.09,2.29,2.46,2.5649493574615367,11.124332223082254,8.710124927322207,6.292309606086044,12.234256716854269,6.936906231073824,9.45100945015621,4.168214410788556,1.0986122886681098,0.0,2.3978952727983707,2.3978952727983707,0.2
harleydavidson,61.0,0.4615384615384616,0.0,26.461538461538463,23.26923076923077,0.8461538461538461,1.9230769230769231,0.1153846153846154,1.6094379124341003,8.699681400989514,8.699181359308954,6.541318557841451,14.522949621286054,10.571731040537585,8.768885326134862,4.825540665120065,0.0,0.0,1.6094379124341003,1.6094379124341003,0.19230769230769232
hersheys,68.0,0.7777777777777778,0.0,17.944444444444443,16.27777777777778,0.16666666666666666,0.6111111111111112,0.2777777777777778,0.0,9.749228533507058,8.914760527397261,6.580639137284949,11.056477540586986,7.473510909606588,7.416378479192928,3.8536874284151823,0.0,0.0,0.0,0.0,0.05555555555555555
hertz,57.0,0.0,0.0,38.23,34.25,0.56,1.4,0.27,2.3978952727983707,10.491301994830229,9.15704507491796,,11.090095455895215,5.794810773003765,9.795735290041899,4.508438997028319,0.0,0.0,2.3978952727983707,2.3978952727983707,0.01
hilton,63.0,0.32,0.0,30.72,27.38,0.58,0.44,0.26,3.4339872044851463,12.037659911047468,9.36426245424844,5.855071922202427,12.608723798176703,7.311071413032021,8.619208116822968,3.3562000157314196,0.0,1.9459101490553132,3.2188758248682006,3.2188758248682006,0.08
homedepot,67.0,0.1,0.0,25.18,23.21,0.66,0.09,0.34,3.8918202981106265,12.914110901635024,11.45737047084791,8.981932990986873,13.095294293240961,7.797385763742131,9.294405747093851,4.014218517742816,1.0986122886681098,0.0,3.8501476017100584,3.8501476017100584,0.03
hp,73.0,0.34,0.0,41.17,35.77,0.57,2.06,0.3434343434343434,4.04305126783455,10.799595985047786,10.783923101501296,7.822845290279774,12.856320153858219,7.558521959516129,9.052633375946147,3.7773481021015445,0.0,2.5649493574615367,3.8066624897703196,3.8066624897703196,0.48
humana,69.0,0.5555555555555556,0.0,33.77777777777778,29.777777777777786,0.0,0.7777777777777778,0.1111111111111111,1.0986122886681098,10.851296331126829,10.903751718186461,6.421622267806518,7.621195162809845,4.73911815849783,3.8501476017100584,1.2685113254635074,0.0,0.0,1.0986122886681098,1.0986122886681098,0.0
intel,70.0,0.44,0.0,24.7,22.95,0.54,2.07,0.69,1.9459101490553132,11.571203807011969,10.991847464739886,9.241548299100376,14.045530413217916,8.747371143219533,9.867082870642328,4.579031528378397,0.0,1.6094379124341003,1.0986122886681098,1.0986122886681098,0.32
interpublicipg,60.0,0.028571428571428567,0.0,42.77142857142857,36.8,1.1428571428571428,1.542857142857143,1.0857142857142856,2.70805020110221,10.815790343132422,8.9680140012452,6.412638948921326,9.368796057668156,5.1261724233485,5.572154032177765,1.5566397268671297,0.0,1.0986122886681098,2.5649493574615367,2.5649493574615367,0.028571428571428567
jcpenney,56.0,0.19,0.0,23.84,22.53,0.99,0.21,1.36,2.1972245773362196,11.571203807011969,9.43731656931057,0.6931471805599453,12.89472222703767,7.596904478254784,8.579416534596369,3.3178157727231046,1.0986122886681098,0.0,1.9459101490553132,1.9459101490553132,0.04
jetblue,62.0,0.15,0.0,35.09,31.38,0.44,0.6,0.36,3.4339872044851463,9.679531170964893,8.799812469525556,6.633318433280377,13.746780866128235,8.448676635044658,10.091169715572178,4.801065862809164,0.0,1.0986122886681098,3.367295829986474,3.367295829986474,0.49
johndeere,64.0,0.59,0.0,15.69,14.44,0.24,0.55,0.26262626262626265,1.0986122886681098,10.946728065669252,10.190356794730883,7.329684113120966,14.963400828307444,9.665146603558934,9.41450495669259,4.132282401562493,0.0,0.0,1.0986122886681098,1.0986122886681098,0.37
jpmorgan,70.0,0.29,0.0,34.29,30.9,0.25,1.51,1.24,3.5553480614894135,12.40228067080314,11.566343001556897,10.115934094302002,12.752519241920064,7.454777818059946,8.62604759632832,3.3628029936748436,0.0,1.0986122886681098,3.4965075614664802,3.4965075614664802,0.01
kelloggsus,67.0,0.42,0.0,24.52,22.8,1.21,1.19,0.19,2.5649493574615367,10.52862352247953,9.473857817428666,6.543911845564792,11.912821762663311,6.615837582258683,9.789366553431428,4.502140285668547,0.0,1.0986122886681098,2.3978952727983707,2.3978952727983707,0.03
kraftheinzus,36.0,0.20895522388059695,0.0,40.2686567164179,36.567164179104466,0.582089552238806,7.537313432835821,0.5522388059701493,3.4339872044851463,10.62135173563291,10.184447079227082,8.197814032221203,9.572689189010719,4.684064128457754,6.154858094016418,1.5057343979839035,0.0,2.3978952727983707,3.044522437723423,3.044522437723423,0.01492537313432836
krogerco,67.0,0.6,0.0,35.17,30.64,0.71,0.31,0.52,2.833213344056216,13.001327306361068,11.655622226980915,7.588829878307813,11.245999813175104,5.950277902777732,8.880585523102495,3.609565647394211,1.6094379124341003,0.0,2.5649493574615367,2.5649493574615367,0.52
landolakesinc,19.0,0.23,0.0,47.17,40.55,0.52,2.93,0.42,5.0689042022202315,9.210440366976517,9.490544554572004,5.504924949222147,9.722385252146903,4.435922788681409,5.5254529391317835,0.8109302162163288,1.6094379124341003,4.007333185232471,4.61512051684126,4.61512051684126,0.0
libertymutual,40.0,0.03,0.0,21.21,19.83,0.02,0.17,0.0,2.3978952727983707,10.819798284210286,10.553440134508799,6.914730892718563,9.777754247070364,4.49065679919933,7.933438387627489,2.7040421797046714,0.0,0.0,2.3978952727983707,2.3978952727983707,0.13
lithiamotors,55.0,0.35294117647058826,0.0,31.176470588235286,26.64705882352941,0.1176470588235294,2.411764705882353,0.05882352941176471,2.1972245773362196,9.321076413570848,9.068661593644245,5.288771953704505,6.9363427358340495,3.4415486771857227,4.8283137373023015,1.5362345084108056,0.0,1.6094379124341003,1.6094379124341003,1.6094379124341003,0.05882352941176471
lockheedmartin,67.0,0.23,0.0,31.51,28.2,0.83,2.46,0.32,3.044522437723423,11.48247656671073,10.832872183921442,8.57602797713713,15.038939753182895,9.74068093460118,10.073694354466978,4.783734693904334,1.0986122886681098,1.9459101490553132,2.5649493574615367,2.5649493574615367,0.29
loweshomeimprovement,65.0,0.34,0.0,50.39,42.54,0.94,4.57,0.56,4.812184355372417,12.388398368982115,11.082419433618579,8.037220031133012,13.387089465952851,8.089077484387923,9.679781342959442,4.393831680123644,0.0,3.8501476017100584,4.343805421853684,4.343805421853684,0.04
macys,59.0,0.13333333333333333,0.0,21.95555555555556,20.711111111111123,0.3555555555555556,0.2111111111111111,0.6,0.0,11.906999271191623,10.157315485981332,6.429719478039138,13.17938433735348,7.986765586889871,9.22631214148588,4.05081829717221,0.0,0.0,0.0,0.0,0.14444444444444446
marriottintl,63.0,0.04,0.0,32.78,28.62,1.81,0.69,0.01,3.4339872044851463,12.330504638906516,9.745253547271233,6.660575149839686,12.440270868184115,7.142740440858944,8.17948018535889,2.935451342669061,0.0,0.0,3.4339872044851463,3.4339872044851463,0.06
mattel,59.0,0.2207792207792208,0.0,22.57142857142857,21.259740259740266,0.4545454545454545,1.2337662337662338,0.5974025974025974,1.6094379124341003,10.373522431293592,8.604837701268284,5.765191102784844,12.890590197725352,7.854023336020597,9.852562611350837,4.823627449111222,0.0,0.0,1.6094379124341003,1.6094379124341003,0.3376623376623377
mcdonalds,72.0,0.31,0.0,21.02,19.08,0.49,0.37,1.03,1.0986122886681098,12.834683971615659,10.111436244467795,8.452654670278667,15.980635981318265,10.682341446882667,12.429100190115863,7.131578599201104,0.0,0.0,1.0986122886681098,1.0986122886681098,0.15
merck,70.0,0.8,0.0,34.09,30.38,0.18,1.5,0.84,2.70805020110221,11.127277689932466,10.59182317609885,8.27410200229233,11.261060885383841,5.965300227087302,7.430707082545968,2.2438960966453663,1.6094379124341003,0.0,2.3978952727983707,2.3978952727983707,0.05
microsoft,76.0,0.22,0.0,22.69,20.72,0.2,0.4,0.66,3.4339872044851463,11.643962499267984,11.354175893097942,9.729074639810214,15.544918091511203,10.246636024845873,11.606206314348444,6.309700072603219,0.0,0.0,3.4339872044851463,3.4339872044851463,0.05
motorolaus,66.0,0.28,0.0,22.39,20.08,0.43,3.12,0.24,1.0986122886681098,9.546884034617925,8.705993714307901,6.329720905522696,13.609431820926655,8.31135896562459,10.64182318076953,5.348249735296246,0.0,0.0,1.0986122886681098,1.0986122886681098,0.11
nationwide,47.0,0.3,0.0,22.86,20.67,0.62,0.79,0.13,2.70805020110221,10.443512690706546,10.598507977477754,5.8150256534721825,13.592560737882957,8.294492042227775,7.72356247227797,2.509599262378372,0.0,0.0,2.70805020110221,2.70805020110221,0.36
newellbrands,63.0,0.2,0.0,84.82,65.61,0.74,5.51,0.46,4.709530201312334,10.885584751364705,9.49288426657184,6.270610288537476,10.426468994072131,5.134032172240181,6.61338421837956,1.551808799597464,1.0986122886681098,3.367295829986474,4.394449154672439,4.394449154672439,0.02
nike,73.0,0.6666666666666666,0.0,62.77777777777778,51.444444444444436,1.8888888888888888,0.5555555555555556,1.1111111111111112,0.0,11.166214996056205,10.385203573155552,8.232440158470336,15.156913980544227,12.266546667771768,10.933267671089844,8.043199389788144,0.0,0.0,0.0,0.0,0.3333333333333333
nordstrom,68.0,0.52,0.0,51.69,44.57,0.82,1.13,0.07,2.833213344056216,11.19135563385109,9.599540587618312,5.872117789475416,13.540448516868596,8.242393121861943,10.147648679072807,4.857095538727753,1.6094379124341003,0.0,2.5649493574615367,2.5649493574615367,0.04
northropgrumman,73.0,0.35,0.0,21.11,19.69,0.16,1.04,0.01,2.5649493574615367,11.112462823634855,10.106795676016226,7.696667081526462,13.674839452425507,8.376751117804256,9.036106025364846,3.7612001156935624,1.0986122886681098,1.9459101490553132,1.6094379124341003,1.6094379124341003,0.05
nvidia,68.0,0.23,0.0,33.89,30.77,0.46,1.95,0.02,3.367295829986474,9.239899174217728,8.840869624091395,7.418780882750794,14.761876075442514,9.46363594759918,10.094314502373795,4.804184965723707,0.0,1.9459101490553132,3.1354942159291497,3.1354942159291497,0.06
officedepot,58.0,0.4,0.0,66.63,49.62,0.2,1.79,1.27,1.9459101490553132,10.545367754151743,9.516795129751248,6.272877006546167,10.604528495215174,5.311134870258651,10.177286194629282,4.886507170880032,0.0,1.0986122886681098,1.6094379124341003,1.6094379124341003,0.05
oracle,73.0,0.7126436781609196,0.0,32.10344827586207,29.37931034482759,0.7011494252873564,1.6091954022988506,0.5862068965517241,1.6094379124341003,11.820417517632333,10.519969648160588,9.0940312495758,11.319231486631294,6.16227372993962,8.215276958936633,3.1019544868092983,0.0,1.0986122886681098,1.0986122886681098,1.0986122886681098,0.02298850574712644
paypal,66.0,0.78,0.0,25.99,23.74,0.22,0.5,0.09,3.044522437723423,9.803722464346553,9.291274989472182,7.2456550675945355,12.18161088129227,6.884312634855587,11.37109688857732,6.075070130962779,1.0986122886681098,0.0,2.9444389791664403,2.9444389791664403,0.54
penskecars,52.0,0.011904761904761904,0.0,22.66666666666667,22.035714285714285,1.2976190476190477,11.571428571428573,0.7619047619047619,2.1972245773362196,10.085850775128717,9.910661756284128,5.84035091743822,8.376781037699493,3.2905318137746358,4.709530201312334,0.5036571342873781,1.6094379124341003,0.0,1.6094379124341003,1.6094379124341003,0.011904761904761904
pfizerinc,70.0,0.69,0.0,37.73,34.57,0.24,6.49,1.96,3.713572066704308,11.477308649967686,10.874739842484258,8.88405606174246,12.217096657207485,6.9197628981064145,9.018574356354229,3.7440776145786985,1.0986122886681098,2.3978952727983707,3.367295829986474,3.367295829986474,0.03
phillips66co,46.0,0.42,0.0,43.3,36.77,0.19,0.4,0.43,3.8918202981106265,9.60245002503719,11.189920141051205,7.349873704738337,10.054361440970256,4.764564238138341,5.905361848054571,1.0402767116551463,0.0,0.0,3.8918202981106265,3.8918202981106265,0.33
pncbank,70.0,0.38,0.0,29.55,27.12,0.59,0.75,0.28,2.5649493574615367,10.8333655579188,9.70649895869877,8.269756947532983,10.070568559913799,4.780634955318833,7.874358824729881,2.6490076604684267,1.0986122886681098,0.0,2.3978952727983707,2.3978952727983707,0.04
priceline,52.0,0.14,0.0,37.75,34.25,0.06,3.49,0.01,1.9459101490553132,9.825580063659602,9.282102738203074,7.666690200080086,8.656781205623291,3.392492941032009,8.330140460246382,3.078693794268338,0.0,0.0,1.9459101490553132,1.9459101490553132,0.43
progressive,57.0,0.11,0.0,42.65,36.98,0.57,4.83,0.51,3.295836866004329,10.364765725463505,10.062284564283125,6.939253946041508,11.068308841314574,5.773090851921525,8.763271714012943,3.49559805708364,0.0,2.5649493574615367,2.70805020110221,2.70805020110221,0.01
publix,53.0,0.04,0.0,16.57,15.84,0.0,0.27,0.5,2.3978952727983707,12.160033942617156,10.442171504430515,7.614164133525268,12.432638334645642,7.135113934250813,10.311914935439406,5.020189506901067,0.0,0.0,2.3978952727983707,2.3978952727983707,0.02
qualcomm,68.0,0.16,0.0,33.49,30.15,0.68,1.76,0.16,2.1972245773362196,10.32551474894327,10.067093391134142,8.649273531773446,12.664146016409212,7.366457790472719,7.8826922062890254,2.6567569067146595,0.0,0.0,2.1972245773362196,2.1972245773362196,0.05
ralphlauren,61.0,0.15,0.0,71.75,56.63,0.93,2.98,0.0,3.1354942159291497,9.928228944424575,8.910045761473558,5.983936280687191,15.12625479214033,9.82799107839799,10.172177918806309,4.881437355624573,0.0,0.0,3.1354942159291497,3.1354942159291497,0.03
riteaid,50.0,0.54,0.0,48.76,42.5,1.23,1.96,0.86,4.110873864173311,11.164516265448528,10.333254953167257,5.1149953094204985,9.543019710358694,4.258869811047899,6.78332520060396,1.6882490928583902,2.5649493574615367,1.0986122886681098,3.8501476017100584,3.8501476017100584,0.17
rokautomation,64.0,0.2857142857142857,0.0,52.17857142857143,43.839285714285715,0.3035714285714285,2.7321428571428568,0.21428571428571427,2.70805020110221,9.99884318585288,8.679482094459956,6.594002978797172,9.791717651693117,5.079405918665969,5.752572638825633,1.3359404749742758,0.0,0.0,2.70805020110221,2.70805020110221,0.08928571428571429
sears,60.0,0.37,0.0,24.73,24.22,0.15,6.22,3.46,1.9459101490553132,11.849404844423074,10.005096038124226,,10.224011865791892,4.932889945471403,7.289610521451167,2.1186622548331173,0.0,1.0986122886681098,1.6094379124341003,1.6094379124341003,0.4
sherwinwilliams,61.0,0.16,0.0,39.9,35.77,0.69,5.46,1.97,4.418840607796598,10.65845863548799,9.380673689458071,7.033241899023553,13.223198267851354,7.9252406613346045,9.505320746909074,4.221711158142542,0.0,3.4965075614664802,3.9318256327243257,3.9318256327243257,0.08
smuckersbrand,56.0,0.2,0.0,21.44,20.24,0.52,1.35,0.65,2.3978952727983707,8.840869624091395,8.96341629199657,6.536256720437246,10.922533408982428,5.627800953633573,7.79770203551669,2.5779415157551897,1.6094379124341003,0.0,1.9459101490553132,1.9459101490553132,0.22
southwestair,56.0,0.12,0.05,28.18,24.2,0.78,0.45,0.29,1.6094379124341003,10.888128282631826,9.924563878138045,7.716460800176355,14.372344766606739,9.074141424588998,10.596759725284224,5.303404405596594,0.0,0.0,1.6094379124341003,1.6094379124341003,0.66
spiritairlines,42.0,0.22,0.0,37.09,32.48,0.37,1.27,1.53,2.1972245773362196,9.575052927597383,8.82379514872053,6.154220948407096,11.991845474885233,6.6947600587197424,8.68050180902826,3.4154289639088797,0.0,0.0,2.1972245773362196,2.1972245773362196,0.49
stanleyblackdecker,65.0,0.39,0.0,36.21,32.62,0.97,3.08,0.02,3.6635616461296463,10.897183671254679,9.342070142654077,6.873474345005262,10.319793683822168,5.02801669192703,5.860786223465865,1.0116009116784799,2.1972245773362196,1.6094379124341003,3.295836866004329,3.295836866004329,0.12
staples,56.0,0.4318181818181818,0.0,26.85227272727273,23.51136363636364,0.13636363636363635,1.0909090909090908,0.022727272727272728,2.1972245773362196,11.026857492329965,9.914328575714002,,9.76978471664462,4.609252750061802,7.676473646389156,2.583997552432231,0.0,0.0,2.1972245773362196,2.1972245773362196,0.022727272727272728
starbucks,67.0,0.16,0.0,26.58,22.36,0.49,0.64,1.77,3.4339872044851463,12.445093483000798,9.967260155433195,7.94403106473446,16.99685833231717,11.698549230134299,12.525678440041485,7.228083615565756,0.0,0.0,3.4339872044851463,3.4339872044851463,0.65
supervalu_irl,50.0,0.07,0.0,52.15,43.36,0.69,3.72,2.32,3.9318256327243257,10.545367754151743,9.77166897791528,5.187385805840755,12.440318339355276,7.14278787468876,9.30027247947679,4.019980146933238,0.0,2.5649493574615367,3.6635616461296463,3.6635616461296463,0.02
target,71.0,0.33,0.0,23.62,21.6,0.62,0.39,0.97,3.044522437723423,12.685410698175234,11.149024475939756,7.914983005848394,15.171044377543115,9.87277831379621,11.420777280784536,6.124639626260398,1.9459101490553132,0.0,2.70805020110221,2.70805020110221,0.05
teslamotors,54.0,0.52,0.0,16.05,15.05,0.3,0.01,0.47,2.833213344056216,10.30981895197225,8.853808274977197,,17.55320324741007,12.254890618836738,13.026022066166663,7.728142855276578,0.0,0.0,2.833213344056216,2.833213344056216,0.03
thermofisherscientific,67.0,0.21,0.0,31.71,28.01,0.06,1.46,0.47,1.9459101490553132,10.911463720944793,9.81328928461798,7.612237969205828,10.242919690039855,4.9516634723196855,6.566672429803241,1.5151272329628591,0.0,0.0,1.9459101490553132,1.9459101490553132,0.07
tiaa,73.0,0.19,0.0,31.42,28.24,0.6,0.27,0.0,2.833213344056216,9.472550778454295,10.521533960586822,7.308743715063223,9.31982238259318,4.039184151044825,5.043425116919247,0.5709795465857378,0.0,0.0,2.833213344056216,2.833213344056216,0.01
tollbrothers,53.0,0.0,0.0,35.75,32.19,0.02,0.96,0.0,1.6094379124341003,8.343077871169383,8.550821372396221,5.9482960517066035,12.963557545818437,7.665706570407579,8.207129168071326,2.9616582932202395,0.0,0.0,1.6094379124341003,1.6094379124341003,0.01
txinstruments,65.0,0.0,0.0,101.91304347826087,77.26086956521739,0.043478260869565216,0.08695652173913042,0.0,2.5649493574615367,10.304475988617215,9.500843461614666,8.18757739559151,9.948508718183648,6.122015960523423,5.666426688112432,1.9824995964876055,0.0,0.0,2.5649493574615367,2.5649493574615367,0.0
tysonfoods,50.0,0.64,0.0,31.79,28.97,0.15,0.36,0.0,2.833213344056216,11.643962499267984,10.515478906135064,7.478169694159785,9.773094088602532,4.486048755080228,6.799055862058796,1.7011051009599243,0.0,0.0,2.833213344056216,2.833213344056216,0.02
united.rentals,60.0,0.206896551724138,0.0,14.827586206896553,14.10344827586207,0.3448275862068966,0.7931034482758621,0.06896551724137931,1.0986122886681098,9.433563920090563,8.659213451436667,6.340359303727752,8.884194633072273,4.831618615000515,5.572154032177765,1.7078779852473527,0.0,0.0,1.0986122886681098,1.0986122886681098,0.03448275862068965
unitedhealthcare,71.0,0.19,0.0,34.83,33.56,0.0,13.23,0.04,4.844187086458591,12.345838935721968,12.127251275053965,8.85623355614316,13.271953387454987,7.973978664448243,7.989899374942939,2.7568403652716422,0.0,4.110873864173311,4.204692619390966,4.204692619390966,0.25
ups,69.0,0.56,0.0,29.9,26.84,0.73,0.88,0.65,2.70805020110221,12.723439826579565,11.017103389621338,8.140898460607852,12.142573583967264,6.845315886465028,10.678560282494745,5.384816112164653,0.0,1.0986122886681098,2.5649493574615367,2.5649493574615367,0.04
valeroenergy,46.0,0.54,0.0,34.94,31.32,0.07,0.56,0.04,2.9444389791664403,9.210040326967182,11.158633394019004,7.736307096548285,9.549024446393997,4.264790324535862,5.752572638825633,0.9439058989071285,1.0986122886681098,0.0,2.833213344056216,2.833213344056216,0.01
verizon,70.0,0.51,0.0,40.05,34.66,0.68,0.93,0.31,3.367295829986474,11.98854454800156,11.743886380912317,9.482502632769927,11.354668030625158,6.058679171784174,9.368625350941896,4.087152091640596,0.0,0.0,3.367295829986474,3.367295829986474,0.31
visa_us,73.0,0.4130434782608696,0.15217391304347827,49.54347826086956,41.5,2.217391304347826,1.3043478260869563,0.2608695652173913,2.1972245773362196,9.561067663645012,9.621323560768252,8.698180525197055,10.25333423688128,5.734747351370121,7.396948602621014,2.929453107938636,0.0,0.0,2.1972245773362196,2.1972245773362196,0.0
walgreens,68.0,0.49,0.0,36.03,31.17,0.72,0.86,0.45,5.1298987149230735,12.611541086966115,11.672933244167599,8.336630087637147,11.765247163561801,6.468474822379242,9.6638969875516,4.378144107409657,3.4965075614664802,3.4339872044851463,4.672828834461906,4.672828834461906,0.11
walmart,75.0,0.27,0.0,29.6,27.09,0.3,0.86,1.2,2.70805020110221,14.648420115681892,13.09370461000988,9.521055143538536,13.388696677894055,8.090684205979706,10.353957893210753,5.061961921261596,0.0,0.0,2.70805020110221,2.70805020110221,0.4
wellsfargo,72.0,0.45,0.0,36.69,32.45,0.32,0.94,0.07,3.5553480614894135,12.502842052798766,11.452931269393407,9.996021153939061,11.785384756600243,6.488581636813693,10.147256921643994,4.856706811803519,0.0,1.6094379124341003,3.4339872044851463,3.4339872044851463,0.11
westernunion,53.0,0.0,0.0,78.0,60.0,0.0,0.0,0.0,0.0,9.278092474027002,8.598588829620232,5.538121358755354,4.290459441148391,3.6109179126442243,1.9459101490553132,1.3862943611198906,0.0,0.0,0.0,0.0,0.0
whirlpoolusa,62.0,0.3194444444444444,0.0,26.25,23.95833333333333,0.1111111111111111,2.2777777777777777,0.2916666666666667,3.1354942159291497,11.440365524765756,9.938806432660483,6.790097235513905,10.544261908857374,5.578208753599379,8.321907968230423,3.3862717314454795,0.0,2.3978952727983707,2.5649493574615367,2.5649493574615367,0.013888888888888888
wholefoods,53.0,0.13,0.03,41.37,35.49,0.49,0.24,0.46,3.5553480614894135,11.205258348585364,9.663007081568642,6.230481447578482,14.175342812348573,8.877164297040494,10.672738925760894,5.379021393963,1.0986122886681098,0.0,3.4965075614664802,3.4965075614664802,0.04
xerox,70.0,0.4,0.0,38.4,34.85,0.19,0.52,0.06,3.295836866004329,11.80261302508661,9.748411444632369,,10.390624809288317,5.098401941353034,6.532334292222349,1.4883995840570443,0.0,0.0,3.295836866004329,3.295836866004329,0.1
